{"cameraMode":{"drawMode":0,"name":"Shaded","section":"Shading Mode"},"sceneLighting":true,"audioPlay":false,"sceneViewState":{"showFog":true,"showMaterialUpdate":false,"showSkybox":true,"showFlares":true,"showImageEffects":true,"showParticleSystems":true},"in2DMode":false,"pivot":{"x":-10.922553062438965,"y":11.44894790649414,"z":-5.011745929718018},"rotation":{"x":-0.09665007144212723,"y":-0.4452661871910095,"z":0.04841515049338341,"w":-0.8888524770736694},"size":15.238703727722168,"orthographic":false}