{"cameraMode":{"drawMode":0,"name":"Shaded","section":"Shading Mode"},"sceneLighting":true,"audioPlay":false,"sceneViewState":{"showFog":true,"showMaterialUpdate":false,"showSkybox":true,"showFlares":true,"showImageEffects":true,"showParticleSystems":true},"in2DMode":false,"pivot":{"x":-6.716814041137695,"y":0.62582927942276,"z":-0.742684006690979},"rotation":{"x":-0.05490700528025627,"y":-0.696516752243042,"z":0.05360405519604683,"w":-0.7134299278259277},"size":23.334524154663087,"orthographic":false}